Abagael Dunn	6904814-5	134343213244231112322334324234334342121134441242221143213113224433
Abagail Cox	17967023-2	412211321114442322123341412312411331141434114332142232411314242114
Abbe Jordan	5187494-3	213113431144221131311412121411113134142314413144344411242331324214
Abbey Romero	6197745-7	443131144134441344123341412412141443323243413332311144424234233311
Abbi Fisher	10990519-4	143134322422243122424432224411211142334111244312344132313141443222
Abbie Rubio	13664513-7	234114432431444314443224323143243344414434124132442112422331143224
Abby Barr	6262063-3	224232112122214341331131422434422343344312431243111333424324312223
Abbye Newton	2371426-4	322124242342123441434313331313324211414242333241441123141311322223
Abigael Hart	16134845-7	124234442223213214241213411112431213112142231131344311313141344142
Abigail Beasley	14241414-7	112312134323332344242132442121342434342134324232141333221322221331
Abigale Maddox	3779125-3	441221132131314233343212311411233122442214233113141122212342232131
Abra Calderon	8976992-2	324343324144221231232433424213333312111331412321342343211142134344
Ada Gonzalez	13782666-6	331121224234434431213112122424312231143314112311244431122344224344
Adah Wyatt	6225370-3	324411121242142423443321223241412442443334134124313144142321332332
Adaline Bruce	4677131-1	342444132433324313414144244243142324442141333334312233332141222422
Adan Delgado	8520458-0	334434441331333113321221233134414114212324224212324132212144143133
Adara Riley	5097553-3	433441343343114423423312214422224313434341132424132242233433124424
Adda Hughes	19469580-2	334412443121113213322311121422332312222432223133333413341411221231
Addi Keller	4843671-4	214222114332212313141122231244412144442323144343343133124334212342
Addia Rios	17684777-8	443344321244232314323242443444321441442231431144334324214122412231
Addie Owens	18534875-K	433143314434342244112344423134424224112434233432142412231222342334
Addy Schwartz	13898683-7	441432111122341143431122113211434132142341241313223214112132214112
Adel Neal	1062876-8	211224322423321411144441421143434143431314133431121414444444133314
Adela Solis	13319233-6	414441311331224331412114134212222344133422124313232441214212321223
Adelaida Marín	17676593-3	121414131144433431311133334143431343441231312222133412141321134321
Adelaide Conner	4630656-2	323314211424342342223312444432221232331124244344231142212244111413
Adele Webster	7208662-7	434241441411113421132323231112111142343244314132112324214212411213
Adelheid Wade	9436349-7	444214141122213124222432144424114112413442124234143442143321221423
Adelice Nelson	5565496-4	414114132431321413133123141321111242112414421214413431141213114311
Adelina Park	17209139-3	313432323124242344221212132144231412244131331243433113342323231134
Adelind Schneider	9753313-K	441321233334242434313213224234311114141343144234321411332422141144
Adeline Snow	4113424-0	214413142124212444344212111132413411311112422341224134111124144122
Adella Boyd	11077359-5	223334141411231211323124113122444131214344331243314431241112124334
Adelle Rivers	18894194-K	144124421331314423111212332241231341414434312242424143233422321222
Adena Hammond	15604402-4	313124141231431143344322442144132312142133321231334133443214444343
Adey Fernández	9874623-4	114422321124421121423221112314111144111343133312233234134123223443
Adi Day	15355557-5	213143321133343144322211344432133121222332334234433132242212334431
Adiana Hensley	10635440-5	133331424341213434314443231131342444434343334421131242143111314143
Adina Hinton	10327832-5	242223411311343212134341444131321313311433442431212431342443242413
Adora Williams	2174218-K	313443122142213214314423222121131132331333311142343241234111242442
Adore Pastor	4598717-5	113213433323143343112444311213332232213413414141321244132444213143
Adoree Norris	4835174-3	412143244313333134333321332143241111444422223133143333422423111231
Adorne Vidal	11291723-3	422121431323334323132221432422211143121121124341222122314441432312
Adrea Nash	1141379-K	244231422223241123441121312312433424431411242211413411214314433234
Adria Thornton	8395363-2	133423124232223243243131242211114433443242312234212244413212222114
Adriaens Atkinson	12449224-6	431413413343211113141422342343412223114413423141423323133213231424
Adrian Melton	19903330-1	134213313134141244112412244234433241212341313322242412322421323113
Adriana Humphrey	12935840-8	114443222133132213321344424213414443122331441232434123333444243111
Adriane Newton	4123510-1	344332331423421221213232143444134241342324333214311321143434333134
Adrianna William	2449011-4	322121322332413344342311131324122331114441244221411433121431341213
Adrianne Trujillo	1622579-7	233213133313134231122234122214313124413432233341241244233143431334
Adriena Sanders	8887757-8	221111213442422224113123423232241331213221122213423241211423443223
Adrienne Maldonado	15709380-0	134334132422223234411331322123242341121132212324112134331213133334
Aeriel Horton	10681511-9	211113334232332323343234231423413342434422234243332311142142241242
Aeriela Jensen	19274309-5	321212311432224133444112212413412443431431333441312213243431342421
Aeriell Ochoa	5538542-4	311114412312211214214142331341223431433233122333214212111224443343
Afton Grimes	6114567-2	341214124421134131423131131123341432114114122421314414131321431143
Ag Alonso	9308078-5	133244113243314324321223124413341133323333334214323114242441323112
Agace Aguilar	8222530-7	421222344134434113324142113441332243144312214233341243223314132131
Agata Vicente	15469900-7	421232412243341241224314324241131342331231214143232143423233343231
Agatha Grimes	17975973-K	444412241124413312421442233421121141143221344312134141333221434242
Agathe Jefferson	18484167-3	143122244123432131133211323434243241333411114244232344123343132141
Aggi Holland	1883651-3	434131231442122243421143441134343211123442212243222431131241114343
Aggie Ferrer	9701532-5	224424114323443342211342122322142424412411131222311344441112421314
Aggy Mclean	3077219-9	314312241423124233111442224322321423314421432441434343133443141121
Agna Browning	5318229-1	222232311343432244333424212243123114242231431212221342141234422131
Agnella Vaughn	19928333-2	143324242324111212321113412332413431133224242221314223113432134223
Agnes Burks	5626615-1	222411213322443141131431344431213433321123233442213441324434124424
Agnese Mays	13503999-3	112242114113333423241314421311333334442332444331433342412342141211
Agnesse Massey	19735004-0	412342443121121322242414423133122244434324422411111414332214124342
Agneta Winters	15724928-2	313334242443313212331312231322344421214422234124221344221334244443
Agnola Owens	9829666-2	432414111131314422131441343331341134423423432434312134213132432142
Agretha Miller	16676702-4	434132341422123222112144333121444334341144114332241421334131113222
Aida Witt	6486725-3	133242213113332114113243442231312242442134413213332442234132414322
Aidan Baird	7674688-5	414314333141142443134311244212123313343134331343211221123114144413
Aigneis Yang	9786228-1	144413211243311343112124214332121211444243414412143321141312233113
Aila Mcbride	7173201-0	334312231121112134221214424434212413341323112434321342424444433342
Aile Barber	16606471-6	414132412234214212323144131214411212224232411212411221241343341411
Ailee Carney	18100965-9	122141443241422441431434324132432431113124243421314231313422412141
Aileen Hobbs	7464968-8	433114334123144132122344321423313314434231131134331314211442123223
Ailene Carpenter	10620931-6	331322321421332112411221124243321314231143422431333324421322321134
Ailey Branch	5456647-6	332111132424211233224441411113432343442411243344244113212321343141
Aili Rivers	6634255-7	123243343414333234413223133343322211311121234144243214233443444141
Ailina Wiggins	4999961-5	433224413243134241123144323333422324141232223333141333211113343414
Ailis Mckee	8839609-K	141142232333411341323241112442411243122442332442322342214212122124
Ailsun Thompson	4093435-9	242412311444422324341424131443233323311313321343241334221121321142
Ailyn Fields	16508801-8	313244412311332321222112422313441243441121124242343413114141431312
Aime Black	18749032-4	343234123321144412333343414322123434323221222213321143143212123421
Aimee Mercer	7648006-0	344431234441123312134113342433341241422312413143332214342124433142
Aimil Woods	16744388-5	411122113432331334232133233124344113122433332131143413443413113314
Aindrea León	7237854-7	234314323424141214243421221113232144144342111313221322143213222222
Ainslee West	18047899-K	444432144333144244443343441222443344324141234334234412211211113433
Ainsley Jiménez	19379223-5	442123333214343411141213444314131434341133313243411431343322424414
Ainslie Barber	17745267-K	314212441221424234421431422434144131212234131422433344414443322324
Ajay Kramer	18161514-1	244432242143111344313413343321312442244231222414123223113222422123
Alaine Morrison	10649162-3	224441424331344444324213322433112132114314334243133334133131412243
Alameda Potter	14181858-9	432142334422322322233212131424441124224141334342344223314324314234
Alana Little	1828588-6	434142134331242133314321122131232123342244241223214142112231123221
Alanah Jiménez	7014995-8	212342424324344332122341334211433222231121211134343131321132231141
Alane Stevens	8191369-2	141433111131311333134134114322442221311441212132331141244144434133
Alanna Britt	11059631-6	321413231112132122242424133413422214414223213124223242222413323144
Alayne Becker	5260579-2	112342411441141342231321123324312412243213112443131312314312121343
Alberta Bolton	8673334-K	134142243111111213411342124134132111144334142134122341113414421141
Albertina Bonner	16527755-4	422423443123331242222134232242323123211212432431344333342444422112
Albertine Alvarado	13898448-6	344214431131424332224332413213421312323124311143243323234223334311
Albina Frazier	19767453-9	131344414314434413141243434131121441112314432431414144122314443321
Alecia Lara	19319175-4	232214344121424143434332311444223311311422411132313314114243334334
Aleda Collins	6836282-2	331413212331131122123131423342412232123242424211323421422313421334
Aleece Hawkins	8670519-2	243111242122121223123313234323224243143234113134233431132312414211
Aleen Hernandez	12492628-9	411143423113433441443423213432434344241433333412332212311113323442
Alejandra Carver	14063283-K	242444411343444132321313431312422141444342323233133211243122242442
Alejandrina Levy	13094324-1	343332413424321424233412231413122423111334313123444121424411333332
Alena Cook	18228614-1	434411123333431111132231333122212222323441144413333142314134331234
Alene Evans	17176232-4	442442232124423312423212222314233231221124323424211431144421234223
Alessandra Jones	19509831-K	221224414342424112221441342111344433242123121143342314334241333143
Aleta Daniels	13838109-9	442212314344211244123314121233431112242341443141112214224422244442
Alethea Horn	18555103-2	111133232122433211311423433122213444424342131431123331423111412432
Alex Durán	5252144-0	232413311432124312434114124332413244444311441242324441322323424123
Alexa Woodward	19079010-K	212132433313241223211313342132211223134411223113432241431443241414
Alexandra Terrell	3418002-4	413314132114214243232141213333123214434231211113112432411343224133
Alexandrina Mayo	14294832-K	444331444321322114323144311442343223341423221433124432133232214241
Alexi Chang	3178151-5	442222211234113313322423114113334124312411331321144422414344143223
Alexia Bernard	11952887-9	331143233131121444431144133311342212311434314143242112423314313424
Alexina Best	7779735-1	232343144223312131234421241223211313444212443143423144121344442141
Alexine Figueroa	10547218-8	122412343123414412431223334213314424131211411343234341142311213244
Alexis Gilmore	8709706-4	114233214114322142211421434114133113431342243221422123312342242344
Alfi Workman	1886739-7	222423343342214342333411241431312423231212141234143213113143442213
Alfie Duffy	18672633-2	412442223111443221211334412321422142244131323122143132423412221313
Alfreda Bernard	14399151-2	322443231242143432322324114324314322433424412222312114443111234141
Alfy Schultz	8520154-9	311212244423344343241231121421343214112241234113311324133333321343
Ali Glenn	19823292-0	423142314413143424321331211343224332314434313331232311412122212434
Alia Ray	5310599-8	211322243343434312413313422211132314412224432121414232414232243423
Alica Fowler	13540306-7	333144422121312244241213233211444213314333343342242322123331234231
Alice Lee	14654126-7	222323142331213234444312111441414211324234322322123343311141413323
Alicea Ayers	8559152-5	132431314132213244312121344411234312112424231322122242321312434412
Alicia Dominguez	17391348-6	242232224144124311142422111242334421242424214414231133123114233224
Alida Petty	13917889-0	121342144331114134134324212442132111341312111212332344211313214122
Alidia Bullock	6840802-4	431334441123234233213224411342233422333123313443342131122443414344
Alie Whitfield	12130284-5	124412131141331414441224231413113411121431221431441233234141112341
Alika Raymond	7950151-4	322224441441122433132121211332444221132231224124122423122443411334
Alikee Mooney	13852404-3	311144422331134321114332244343412112242224133432421212211242341424
Alina Reilly	1249866-7	123143433224142413433144323131222241143424414314421334241144322323
Aline Byers	19648665-8	233432243211124243113232414314422423443331414424313441341414231132
Alis Day	18839498-1	224231444322314114313323212411111443122422221414131214444213423131
Alisa Webb	17129161-5	442232431441432413332433311314214242414333441144321214243114134112
Alisha Shepard	2417577-4	122331324333342333144242244414422243311414324213411434241411114413
Alison Brock	8123135-4	312123333432442133342113222441123213343143241413344141414413442332
Alissa Brady	1640789-5	144334144334431412141324123324132214444323342231322123343241223332
Alisun Mayer	4259471-7	441212311233343124112311322331124232121332441312441211243234111114
Alix Guerrero	6542932-2	313331313142144421412143133322221123322341422342343243433314423112
Aliza Ward	4726446-4	213331334113234213412312332142121431311414321432343434224421114224
Alla Gray	7760437-5	321411131334111143112311112142123231122333242124244423312142133144
Alleen Donovan	10077263-9	223331413122434143432244131223244411331241342111131324144121433114
Allegra Mcdaniel	6100879-9	121122344224222324134312134424223443422312312114421411324223432422
Allene Collier	9431427-5	231131314231431442121224213142424143324321134311322131343222233241
Alli Durham	11630172-5	431124121121434411112432133444232143122244214122114244111332343314
Allianora Ferguson	6373973-1	113433424431144312411422312431112312232114434242442223444444312342
Allie Burch	16990550-9	243243224421314442223443412334112114121114412323222344114433134222
Allina Bauer	18614826-6	211231443444432241111221423131114424241421221442131243433213222133
Allis Fuentes	17272847-2	341411232242132211434213322411424324113412322414431443441132243321
Allison Valentine	11203547-8	221211131412412233241411421441434233121234434434342212232113412124
Allissa Blake	3529347-7	333421332222413231432313213421134144234222114343122412433113434314
Allix Terry	16787960-8	231233433112111242444124324131223233214133123323442241133421442433
Allsun Lozano	16092128-5	342111341231121413111441444134113231143231434123332143122341322424
Allx Callahan	8424637-9	314321321112124322331114323444314222432321141414141242233341133242
Ally Banks	17275312-4	322214443434443413212433421212441133314111342123412234322432343434
Allyce Shepard	3742408-0	413312112313111143143223433422431143241342143421312421344434224131
Allyn Sawyer	7320140-3	134143341244412324324211224232121312222114324331123432324443132213
Allys Bradford	14678811-4	132321141132213244241224212122422211311332242424211413324322243324
Allyson Rollins	16538053-3	243413144443331234342211123433433132331413423421213134243331244112
Alma Ramírez	16387441-5	333322431232442223334312223211311131424232213443442331321341441442
Almeda Delgado	4576422-2	343441442243122343324431413213131212112334122331143334213114222241
Almeria Hartman	3510516-6	312111442442442112123314334413231214234133332442411121141134332123
Almeta Keith	9448491-K	421134112131341334231321443222422133131414333344132123342413114442
Almira Miller	2506330-9	213431423443332243123244111312242414443334111414313224244144241133
Almire Conley	11579593-7	242141212312331323223414144143312321144331221434221322213132211111
Aloise Martín	1903971-4	231332131312313133143234334413241223234414421123414413433311232111
Aloisia Finley	6923416-K	341314132324211234331122124122442334413234111443433133421133333333
Aloysia Gray	4402667-8	434212342332142421342312442133314232333114332411223332311242344241
Alta Whitney	6838366-8	334433311123221224133123224242214243114244443142143233331213221242
Althea Ewing	16468732-5	134413413441243441134124143423421414331443443223214344111412324213
Alvera Ramirez	18391196-1	134413341142132413312314343342121311333341413234311414413231421231
Alverta Lewis	6077328-9	244221313143244344344323444124333113143241143221241323323244313233
Alvina Hammond	9060805-3	132314123111214413213414123322343141242412312322121444341312334222
Alvinia Lindsey	7823600-0	334114144211423114123412132412332142233122424341311224214412212214
Alvira Beasley	8309691-8	414424114333341231434321442213122212233322124141243432141343322313
Alyce Soler	19333973-5	424432422212133312144333111221143344112213444442313143321442221144
Alyda Head	6732054-9	313213233412433223442212414212113322442411114432321442331142244342
Alys Foster	7238013-4	224242141241241142243244213341112214244321431431423324431234144213
Alysa Kelley	18937425-9	233221313323422312432232123223213421424414443433434434243214132411
Alyse Velasco	15925984-6	123331311121322123122144133343144131314222223233321343124414232132
Alysia Wall	11234961-8	311344321432312134244233123113444243132343132442224321414141233131
Alyson Marín	10178449-5	112311314211222341333142141113322212441434412433224143421442333131
Alyss Thomas	16182058-K	413233124112212444422222142123443443234134341224142431131312413321
Alyssa Dickson	12521268-9	341431423344312113312231443124223414242231441244232324341332134243
Amabel Wilcox	19408737-3	211214412231124111432333111323411223131413244343413141323134443443
Amabelle Patel	6754300-9	211341432441423422421413214111121143312313131411441412412321444111
Amalea Sandoval	18697236-8	233241242341433442133144234341212112342411234312442141432434424342
Amalee Love	17142726-6	323324233224223221144242212413431333121114214123113321332341424322
Amaleta Palmer	12548518-9	314123423212342414342421243242331141244212142242224321212443213141
Amalia Williamson	2912833-2	342312223411124342113412133241232421132214414242421132431243214111
Amalie Frye	12368653-5	324332134123131431143432144323243231141231233432334123334424314242
Amalita Clayton	16825723-6	432134444324232321311434221111344133431312122123214332442211143312
Amalle Hancock	11822298-9	431212433232313241234143144413242332243332423431224423322111432442
Amanda Gentry	6650973-7	214314223242431411414411234442333413331443321214312443231311441133
Amandi Benson	6433824-2	444433211431411414211433111432334443122122431333131213243233334113
Amandie Todd	6142847-K	211231413434424312133414121121434242432133211213433323431444434241
Amandy Schneider	18219664-9	334344323221213343111121314433341314134213433223222413243414444312
Amara Mcdowell	14437473-8	343114214331321414431131433414242134213122413133312212134331131114
Amargo Pennington	17384950-8	242122431123431222424431242211222422341132144311131231244442241122
Amata Knox	19175525-1	432441331443343231122142421221324421324334234422114242233113231423
Amber Savage	5373425-1	241244231122321413232343214224422231333421122343134211121234413214
Amberly Oneill	15602594-1	224121122214222313234434232334233412243241322331332234143231343421
Ambur Winters	4148378-4	344121331121441411412443113113243232412142132112232221211444244224
Ame James	14358530-1	444124422241141343433143423242133423242233344433132241414244433414